<?xml version="1.0" encoding="UTF-8"?>
<project-private xmlns="http://www.netbeans.org/ns/project-private/1">
    <editor-bookmarks xmlns="http://www.netbeans.org/ns/editor-bookmarks/2" lastBookmarkId="0"/>
    <open-files xmlns="http://www.netbeans.org/ns/projectui-open-files/2">
        <group>
            <file>file:/C:/Users/joseh/OneDrive/Documentos/NetBeansProjects/ProjetoDaCledja/src/view/Login.java</file>
            <file>file:/C:/Users/joseh/OneDrive/Documentos/NetBeansProjects/ProjetoDaCledja/src/view/CriarConta.java</file>
            <file>file:/C:/Users/joseh/OneDrive/Documentos/NetBeansProjects/ProjetoDaCledja/src/view/InformacoesCliente.java</file>
        </group>
    </open-files>
</project-private>
